sample,fastq_1,fastq_2,replicate,antibody,control,control_replicate
GSM2671298,/storage/projects/aziz.khan/projects/dbsuper/geo_data/gsm_human_h3k27ac/GSM2671298/fastq/SRR5690023_1.fastq.gz,,1,H3K27ac,GSM2671302,1
GSM2671302,/storage/projects/aziz.khan/projects/dbsuper/geo_data/gsm_human_h3k27ac/GSM2671302/fastq/SRR5690027_1.fastq.gz,,1,,,
GSM2671299,/storage/projects/aziz.khan/projects/dbsuper/geo_data/gsm_human_h3k27ac/GSM2671299/fastq/SRR5690024_1.fastq.gz,,1,H3K27ac,GSM2671303,1
GSM2671303,/storage/projects/aziz.khan/projects/dbsuper/geo_data/gsm_human_h3k27ac/GSM2671303/fastq/SRR5690028.fastq.gz,,1,,,
GSM2671300,/storage/projects/aziz.khan/projects/dbsuper/geo_data/gsm_human_h3k27ac/GSM2671300/fastq/SRR5690025_1.fastq.gz,,1,H3K27ac,GSM2671304,1
GSM2671304,/storage/projects/aziz.khan/projects/dbsuper/geo_data/gsm_human_h3k27ac/GSM2671304/fastq/SRR5690029_1.fastq.gz,,1,,,
GSM2706139,/storage/projects/aziz.khan/projects/dbsuper/geo_data/gsm_human_h3k27ac/GSM2706139/fastq/SRR5836463.fastq.gz,,1,H3K27ac,GSM2706140,1
GSM2706140,/storage/projects/aziz.khan/projects/dbsuper/geo_data/gsm_human_h3k27ac/GSM2706140/fastq/SRR5836464.fastq.gz,,1,,,
GSM2706141,/storage/projects/aziz.khan/projects/dbsuper/geo_data/gsm_human_h3k27ac/GSM2706141/fastq/SRR5836465.fastq.gz,,1,H3K27ac,GSM2706142,1
GSM2706142,/storage/projects/aziz.khan/projects/dbsuper/geo_data/gsm_human_h3k27ac/GSM2706142/fastq/SRR5836466.fastq.gz,,1,,,
GSM2706145,/storage/projects/aziz.khan/projects/dbsuper/geo_data/gsm_human_h3k27ac/GSM2706145/fastq/SRR5836469.fastq.gz,,1,H3K27ac,GSM2706146,1
GSM2706146,/storage/projects/aziz.khan/projects/dbsuper/geo_data/gsm_human_h3k27ac/GSM2706146/fastq/SRR5836470.fastq.gz,,1,,,
GSM2723818,/storage/projects/aziz.khan/projects/dbsuper/geo_data/gsm_human_h3k27ac/GSM2723818/fastq/SRR5885096.fastq.gz,,1,H3K27ac,GSM2723821,1
GSM2723818,/storage/projects/aziz.khan/projects/dbsuper/geo_data/gsm_human_h3k27ac/GSM2723818/fastq/SRR5885097.fastq.gz,,1,H3K27ac,GSM2723821,1
GSM2723821,/storage/projects/aziz.khan/projects/dbsuper/geo_data/gsm_human_h3k27ac/GSM2723821/fastq/SRR5885102.fastq.gz,,1,,,
GSM2723821,/storage/projects/aziz.khan/projects/dbsuper/geo_data/gsm_human_h3k27ac/GSM2723821/fastq/SRR5885103.fastq.gz,,1,,,
GSM2723822,/storage/projects/aziz.khan/projects/dbsuper/geo_data/gsm_human_h3k27ac/GSM2723822/fastq/SRR5885104.fastq.gz,,1,H3K27ac,GSM2723825,1
GSM2723822,/storage/projects/aziz.khan/projects/dbsuper/geo_data/gsm_human_h3k27ac/GSM2723822/fastq/SRR5885105.fastq.gz,,1,H3K27ac,GSM2723825,1
GSM2723825,/storage/projects/aziz.khan/projects/dbsuper/geo_data/gsm_human_h3k27ac/GSM2723825/fastq/SRR5885110.fastq.gz,,1,,,
GSM2723825,/storage/projects/aziz.khan/projects/dbsuper/geo_data/gsm_human_h3k27ac/GSM2723825/fastq/SRR5885111.fastq.gz,,1,,,
GSM2723834,/storage/projects/aziz.khan/projects/dbsuper/geo_data/gsm_human_h3k27ac/GSM2723834/fastq/SRR5885128_1.fastq.gz,,1,H3K27ac,GSM2723835,1
GSM2723834,/storage/projects/aziz.khan/projects/dbsuper/geo_data/gsm_human_h3k27ac/GSM2723834/fastq/SRR5885129_1.fastq.gz,,1,H3K27ac,GSM2723835,1
GSM2723835,/storage/projects/aziz.khan/projects/dbsuper/geo_data/gsm_human_h3k27ac/GSM2723835/fastq/SRR5885130_1.fastq.gz,,1,,,
GSM2723835,/storage/projects/aziz.khan/projects/dbsuper/geo_data/gsm_human_h3k27ac/GSM2723835/fastq/SRR5885131_1.fastq.gz,,1,,,
GSM2723836,/storage/projects/aziz.khan/projects/dbsuper/geo_data/gsm_human_h3k27ac/GSM2723836/fastq/SRR5885132_1.fastq.gz,,1,H3K27ac,GSM2723837,1
GSM2723836,/storage/projects/aziz.khan/projects/dbsuper/geo_data/gsm_human_h3k27ac/GSM2723836/fastq/SRR5885133_1.fastq.gz,,1,H3K27ac,GSM2723837,1
GSM2723837,/storage/projects/aziz.khan/projects/dbsuper/geo_data/gsm_human_h3k27ac/GSM2723837/fastq/SRR5885134_1.fastq.gz,,1,,,
GSM2723837,/storage/projects/aziz.khan/projects/dbsuper/geo_data/gsm_human_h3k27ac/GSM2723837/fastq/SRR5885135_1.fastq.gz,,1,,,
GSM2723866,/storage/projects/aziz.khan/projects/dbsuper/geo_data/gsm_human_h3k27ac/GSM2723866/fastq/SRR5885188.fastq.gz,,1,H3K27ac,GSM2723867,1
GSM2723867,/storage/projects/aziz.khan/projects/dbsuper/geo_data/gsm_human_h3k27ac/GSM2723867/fastq/SRR5885189.fastq.gz,,1,,,
GSM2723868,/storage/projects/aziz.khan/projects/dbsuper/geo_data/gsm_human_h3k27ac/GSM2723868/fastq/SRR5885190.fastq.gz,,1,H3K27ac,GSM2723869,1
GSM2723869,/storage/projects/aziz.khan/projects/dbsuper/geo_data/gsm_human_h3k27ac/GSM2723869/fastq/SRR5885191.fastq.gz,,1,,,
GSM2740934,/storage/projects/aziz.khan/projects/dbsuper/geo_data/gsm_human_h3k27ac/GSM2740934/fastq/SRR5928803_1.fastq.gz,,1,H3K27ac,GSM2740938,1
GSM2740938,/storage/projects/aziz.khan/projects/dbsuper/geo_data/gsm_human_h3k27ac/GSM2740938/fastq/SRR5928807_1.fastq.gz,,1,,,
GSM2740936,/storage/projects/aziz.khan/projects/dbsuper/geo_data/gsm_human_h3k27ac/GSM2740936/fastq/SRR5928805_1.fastq.gz,,1,H3K27ac,GSM2740940,1
GSM2740940,/storage/projects/aziz.khan/projects/dbsuper/geo_data/gsm_human_h3k27ac/GSM2740940/fastq/SRR5928809_1.fastq.gz,,1,,,
GSM2741449,/storage/projects/aziz.khan/projects/dbsuper/geo_data/gsm_human_h3k27ac/GSM2741449/fastq/SRR5929686.fastq.gz,,1,H3K27ac,GSM2741452,1
GSM2741452,/storage/projects/aziz.khan/projects/dbsuper/geo_data/gsm_human_h3k27ac/GSM2741452/fastq/SRR5929689.fastq.gz,,1,,,
GSM602294,/storage/projects/aziz.khan/projects/dbsuper/geo_data/gsm_human_h3k27ac/GSM602294/fastq/SRR067373.fastq.gz,,1,H3K27ac,GSM602292,1
GSM602292,/storage/projects/aziz.khan/projects/dbsuper/geo_data/gsm_human_h3k27ac/GSM602292/fastq/SRR067371.fastq.gz,,1,,,
GSM602302,/storage/projects/aziz.khan/projects/dbsuper/geo_data/gsm_human_h3k27ac/GSM602302/fastq/SRR067381.fastq.gz,,1,H3K27ac,GSM602300,1
GSM602300,/storage/projects/aziz.khan/projects/dbsuper/geo_data/gsm_human_h3k27ac/GSM602300/fastq/SRR067379.fastq.gz,,1,,,
GSM714807,/storage/projects/aziz.khan/projects/dbsuper/geo_data/gsm_human_h3k27ac/GSM714807/fastq/SRR191355.fastq.gz,,1,H3K27ac,GSM714805,1
GSM714805,/storage/projects/aziz.khan/projects/dbsuper/geo_data/gsm_human_h3k27ac/GSM714805/fastq/SRR191353.fastq.gz,,1,,,
GSM883681,/storage/projects/aziz.khan/projects/dbsuper/geo_data/gsm_human_h3k27ac/GSM883681/fastq/SRR424634.fastq.gz,,1,H3K27ac,GSM883667,1
GSM883667,/storage/projects/aziz.khan/projects/dbsuper/geo_data/gsm_human_h3k27ac/GSM883667/fastq/SRR424620.fastq.gz,,1,,,
GSM999000,/storage/projects/aziz.khan/projects/dbsuper/geo_data/gsm_human_h3k27ac/GSM999000/fastq/SRR557717.fastq.gz,,1,H3K27ac,GSM999012,1
GSM999012,/storage/projects/aziz.khan/projects/dbsuper/geo_data/gsm_human_h3k27ac/GSM999012/fastq/SRR557729.fastq.gz,,1,,,
GSM999001,/storage/projects/aziz.khan/projects/dbsuper/geo_data/gsm_human_h3k27ac/GSM999001/fastq/SRR557718.fastq.gz,,1,H3K27ac,GSM999013,1
GSM999013,/storage/projects/aziz.khan/projects/dbsuper/geo_data/gsm_human_h3k27ac/GSM999013/fastq/SRR557730.fastq.gz,,1,,,
GSM1009625,/storage/projects/aziz.khan/projects/dbsuper/geo_data/gsm_human_h3k27ac/GSM1009625/fastq/SRR576780.fastq.gz,,1,H3K27ac,GSM1009651,1
GSM1009651,/storage/projects/aziz.khan/projects/dbsuper/geo_data/gsm_human_h3k27ac/GSM1009651/fastq/SRR576806.fastq.gz,,1,,,
GSM1365900,/storage/projects/aziz.khan/projects/dbsuper/geo_data/gsm_human_h3k27ac/GSM1365900/fastq/SRR1223426.fastq.gz,,1,H3K27ac,GSM1197323,1
GSM1197323,/storage/projects/aziz.khan/projects/dbsuper/geo_data/gsm_human_h3k27ac/GSM1197323/fastq/SRR944361.fastq.gz,,1,,,
GSM1203230,/storage/projects/aziz.khan/projects/dbsuper/geo_data/gsm_human_h3k27ac/GSM1203230/fastq/SRR949473.fastq.gz,,1,H3K27ac,GSM1203232,1
GSM1203232,/storage/projects/aziz.khan/projects/dbsuper/geo_data/gsm_human_h3k27ac/GSM1203232/fastq/SRR949475.fastq.gz,,1,,,
GSM1203232,/storage/projects/aziz.khan/projects/dbsuper/geo_data/gsm_human_h3k27ac/GSM1203232/fastq/SRR949476.fastq.gz,,1,,,
GSM1296384,/storage/projects/aziz.khan/projects/dbsuper/geo_data/gsm_human_h3k27ac/GSM1296384/fastq/SRR1057274.fastq.gz,,1,H3K27ac,GSM1296386,1
GSM1296386,/storage/projects/aziz.khan/projects/dbsuper/geo_data/gsm_human_h3k27ac/GSM1296386/fastq/SRR1057276.fastq.gz,,1,,,
GSM1261672,/storage/projects/aziz.khan/projects/dbsuper/geo_data/gsm_human_h3k27ac/GSM1261672/fastq/SRR1027804.fastq.gz,,1,H3K27ac,GSM1261673,1
GSM1261673,/storage/projects/aziz.khan/projects/dbsuper/geo_data/gsm_human_h3k27ac/GSM1261673/fastq/SRR1027805.fastq.gz,,1,,,
GSM1261674,/storage/projects/aziz.khan/projects/dbsuper/geo_data/gsm_human_h3k27ac/GSM1261674/fastq/SRR1027806.fastq.gz,,1,H3K27ac,GSM1261676,1
GSM1261674,/storage/projects/aziz.khan/projects/dbsuper/geo_data/gsm_human_h3k27ac/GSM1261674/fastq/SRR1027807.fastq.gz,,1,H3K27ac,GSM1261676,1
GSM1261676,/storage/projects/aziz.khan/projects/dbsuper/geo_data/gsm_human_h3k27ac/GSM1261676/fastq/SRR1027810.fastq.gz,,1,,,
GSM1261676,/storage/projects/aziz.khan/projects/dbsuper/geo_data/gsm_human_h3k27ac/GSM1261676/fastq/SRR1027811.fastq.gz,,1,,,
GSM1252939,/storage/projects/aziz.khan/projects/dbsuper/geo_data/gsm_human_h3k27ac/GSM1252939/fastq/SRR1019702.fastq.gz,,1,H3K27ac,GSM1252932,1
GSM1252932,/storage/projects/aziz.khan/projects/dbsuper/geo_data/gsm_human_h3k27ac/GSM1252932/fastq/SRR1019695.fastq.gz,,1,,,
GSM1252940,/storage/projects/aziz.khan/projects/dbsuper/geo_data/gsm_human_h3k27ac/GSM1252940/fastq/SRR1019703.fastq.gz,,1,H3K27ac,GSM1252935,1
GSM1252935,/storage/projects/aziz.khan/projects/dbsuper/geo_data/gsm_human_h3k27ac/GSM1252935/fastq/SRR1019698.fastq.gz,,1,,,
GSM1273645,/storage/projects/aziz.khan/projects/dbsuper/geo_data/gsm_human_h3k27ac/GSM1273645/fastq/SRR1036364.fastq.gz,,1,H3K27ac,GSM1273642,1
GSM1273642,/storage/projects/aziz.khan/projects/dbsuper/geo_data/gsm_human_h3k27ac/GSM1273642/fastq/SRR1036361.fastq.gz,,1,,,
GSM1273655,/storage/projects/aziz.khan/projects/dbsuper/geo_data/gsm_human_h3k27ac/GSM1273655/fastq/SRR1036374.fastq.gz,,1,H3K27ac,GSM1273652,1
GSM1273652,/storage/projects/aziz.khan/projects/dbsuper/geo_data/gsm_human_h3k27ac/GSM1273652/fastq/SRR1036371.fastq.gz,,1,,,
GSM1273660,/storage/projects/aziz.khan/projects/dbsuper/geo_data/gsm_human_h3k27ac/GSM1273660/fastq/SRR1036379.fastq.gz,,1,H3K27ac,GSM1273657,1
GSM1273657,/storage/projects/aziz.khan/projects/dbsuper/geo_data/gsm_human_h3k27ac/GSM1273657/fastq/SRR1036376.fastq.gz,,1,,,
GSM1273665,/storage/projects/aziz.khan/projects/dbsuper/geo_data/gsm_human_h3k27ac/GSM1273665/fastq/SRR1036384.fastq.gz,,1,H3K27ac,GSM1273662,1
GSM1273662,/storage/projects/aziz.khan/projects/dbsuper/geo_data/gsm_human_h3k27ac/GSM1273662/fastq/SRR1036381.fastq.gz,,1,,,
GSM1356063,/storage/projects/aziz.khan/projects/dbsuper/geo_data/gsm_human_h3k27ac/GSM1356063/fastq/SRR1201297_1.fastq.gz,/storage/projects/aziz.khan/projects/dbsuper/geo_data/gsm_human_h3k27ac/GSM1356063/fastq/SRR1201297_2.fastq.gz,1,H3K27ac,GSM1278003,1
GSM1278003,/storage/projects/aziz.khan/projects/dbsuper/geo_data/gsm_human_h3k27ac/GSM1278003/fastq/SRR1041791.fastq.gz,,1,,,
GSM1316300,/storage/projects/aziz.khan/projects/dbsuper/geo_data/gsm_human_h3k27ac/GSM1316300/fastq/SRR1145795.fastq.gz,,1,H3K27ac,GSM1316304,1
GSM1316304,/storage/projects/aziz.khan/projects/dbsuper/geo_data/gsm_human_h3k27ac/GSM1316304/fastq/SRR1145799.fastq.gz,,1,,,
GSM1316307,/storage/projects/aziz.khan/projects/dbsuper/geo_data/gsm_human_h3k27ac/GSM1316307/fastq/SRR1145802.fastq.gz,,1,H3K27ac,GSM1316311,1
GSM1316311,/storage/projects/aziz.khan/projects/dbsuper/geo_data/gsm_human_h3k27ac/GSM1316311/fastq/SRR1145806.fastq.gz,,1,,,
GSM1316314,/storage/projects/aziz.khan/projects/dbsuper/geo_data/gsm_human_h3k27ac/GSM1316314/fastq/SRR1145809.fastq.gz,,1,H3K27ac,GSM1316318,1
GSM1316318,/storage/projects/aziz.khan/projects/dbsuper/geo_data/gsm_human_h3k27ac/GSM1316318/fastq/SRR1145813.fastq.gz,,1,,,
GSM1316321,/storage/projects/aziz.khan/projects/dbsuper/geo_data/gsm_human_h3k27ac/GSM1316321/fastq/SRR1145816.fastq.gz,,1,H3K27ac,GSM1316325,1
GSM1316325,/storage/projects/aziz.khan/projects/dbsuper/geo_data/gsm_human_h3k27ac/GSM1316325/fastq/SRR1145820.fastq.gz,,1,,,
GSM1316328,/storage/projects/aziz.khan/projects/dbsuper/geo_data/gsm_human_h3k27ac/GSM1316328/fastq/SRR1145823.fastq.gz,,1,H3K27ac,GSM1316332,1
GSM1316332,/storage/projects/aziz.khan/projects/dbsuper/geo_data/gsm_human_h3k27ac/GSM1316332/fastq/SRR1145827.fastq.gz,,1,,,
GSM1316339,/storage/projects/aziz.khan/projects/dbsuper/geo_data/gsm_human_h3k27ac/GSM1316339/fastq/SRR1145834.fastq.gz,,1,H3K27ac,GSM1316340,1
GSM1316340,/storage/projects/aziz.khan/projects/dbsuper/geo_data/gsm_human_h3k27ac/GSM1316340/fastq/SRR1145835.fastq.gz,,1,,,
GSM1316341,/storage/projects/aziz.khan/projects/dbsuper/geo_data/gsm_human_h3k27ac/GSM1316341/fastq/SRR1145836.fastq.gz,,1,H3K27ac,GSM1316342,1
GSM1316342,/storage/projects/aziz.khan/projects/dbsuper/geo_data/gsm_human_h3k27ac/GSM1316342/fastq/SRR1145837.fastq.gz,,1,,,
GSM1551472,/storage/projects/aziz.khan/projects/dbsuper/geo_data/gsm_human_h3k27ac/GSM1551472/fastq/SRR1658452.fastq.gz,,1,H3K27ac,GSM1551473,1
GSM1551473,/storage/projects/aziz.khan/projects/dbsuper/geo_data/gsm_human_h3k27ac/GSM1551473/fastq/SRR1658453.fastq.gz,,1,,,
GSM1330734,/storage/projects/aziz.khan/projects/dbsuper/geo_data/gsm_human_h3k27ac/GSM1330734/fastq/SRR1171864.fastq.gz,,1,H3K27ac,GSM1330735,1
GSM1330735,/storage/projects/aziz.khan/projects/dbsuper/geo_data/gsm_human_h3k27ac/GSM1330735/fastq/SRR1171865.fastq.gz,,1,,,
GSM1382472,/storage/projects/aziz.khan/projects/dbsuper/geo_data/gsm_human_h3k27ac/GSM1382472/fastq/SRR1275463.fastq.gz,,1,H3K27ac,GSM1382474,1
GSM1382474,/storage/projects/aziz.khan/projects/dbsuper/geo_data/gsm_human_h3k27ac/GSM1382474/fastq/SRR1275465.fastq.gz,,1,,,
GSM1382482,/storage/projects/aziz.khan/projects/dbsuper/geo_data/gsm_human_h3k27ac/GSM1382482/fastq/SRR1275473.fastq.gz,,1,H3K27ac,GSM1382484,1
GSM1382484,/storage/projects/aziz.khan/projects/dbsuper/geo_data/gsm_human_h3k27ac/GSM1382484/fastq/SRR1275475.fastq.gz,,1,,,
GSM1415884,/storage/projects/aziz.khan/projects/dbsuper/geo_data/gsm_human_h3k27ac/GSM1415884/fastq/SRR1425182_1.fastq.gz,,1,H3K27ac,GSM1415888,1
GSM1415888,/storage/projects/aziz.khan/projects/dbsuper/geo_data/gsm_human_h3k27ac/GSM1415888/fastq/SRR1425186.fastq.gz,,1,,,
GSM1418963,/storage/projects/aziz.khan/projects/dbsuper/geo_data/gsm_human_h3k27ac/GSM1418963/fastq/SRR1448780.fastq.gz,,1,H3K27ac,GSM1418971,1
GSM1418971,/storage/projects/aziz.khan/projects/dbsuper/geo_data/gsm_human_h3k27ac/GSM1418971/fastq/SRR1448788.fastq.gz,,1,,,
GSM1418964,/storage/projects/aziz.khan/projects/dbsuper/geo_data/gsm_human_h3k27ac/GSM1418964/fastq/SRR1448781.fastq.gz,,1,H3K27ac,GSM1418972,1
GSM1418972,/storage/projects/aziz.khan/projects/dbsuper/geo_data/gsm_human_h3k27ac/GSM1418972/fastq/SRR1448789.fastq.gz,,1,,,
GSM1421317,/storage/projects/aziz.khan/projects/dbsuper/geo_data/gsm_human_h3k27ac/GSM1421317/fastq/SRR1481506.fastq.gz,,1,H3K27ac,GSM1421318,1
GSM1421318,/storage/projects/aziz.khan/projects/dbsuper/geo_data/gsm_human_h3k27ac/GSM1421318/fastq/SRR1481507.fastq.gz,,1,,,
GSM1421320,/storage/projects/aziz.khan/projects/dbsuper/geo_data/gsm_human_h3k27ac/GSM1421320/fastq/SRR1481509.fastq.gz,,1,H3K27ac,GSM1421323,1
GSM1421323,/storage/projects/aziz.khan/projects/dbsuper/geo_data/gsm_human_h3k27ac/GSM1421323/fastq/SRR1481512.fastq.gz,,1,,,
GSM1519634,/storage/projects/aziz.khan/projects/dbsuper/geo_data/gsm_human_h3k27ac/GSM1519634/fastq/SRR1603646.fastq.gz,,1,H3K27ac,GSM1519636,1
GSM1519636,/storage/projects/aziz.khan/projects/dbsuper/geo_data/gsm_human_h3k27ac/GSM1519636/fastq/SRR1603648.fastq.gz,,1,,,
GSM1519638,/storage/projects/aziz.khan/projects/dbsuper/geo_data/gsm_human_h3k27ac/GSM1519638/fastq/SRR1603650.fastq.gz,,1,H3K27ac,GSM1519637,1
GSM1519637,/storage/projects/aziz.khan/projects/dbsuper/geo_data/gsm_human_h3k27ac/GSM1519637/fastq/SRR1603649.fastq.gz,,1,,,
GSM1519642,/storage/projects/aziz.khan/projects/dbsuper/geo_data/gsm_human_h3k27ac/GSM1519642/fastq/SRR1603654.fastq.gz,,1,H3K27ac,GSM1519640,1
GSM1519640,/storage/projects/aziz.khan/projects/dbsuper/geo_data/gsm_human_h3k27ac/GSM1519640/fastq/SRR1603652.fastq.gz,,1,,,
GSM1443805,/storage/projects/aziz.khan/projects/dbsuper/geo_data/gsm_human_h3k27ac/GSM1443805/fastq/SRR1523492.fastq.gz,,1,H3K27ac,GSM1443817,1
GSM1443817,/storage/projects/aziz.khan/projects/dbsuper/geo_data/gsm_human_h3k27ac/GSM1443817/fastq/SRR1523504.fastq.gz,,1,,,
GSM1443806,/storage/projects/aziz.khan/projects/dbsuper/geo_data/gsm_human_h3k27ac/GSM1443806/fastq/SRR1523493.fastq.gz,,1,H3K27ac,GSM1443818,1
GSM1443818,/storage/projects/aziz.khan/projects/dbsuper/geo_data/gsm_human_h3k27ac/GSM1443818/fastq/SRR1523505.fastq.gz,,1,,,
GSM1446919,/storage/projects/aziz.khan/projects/dbsuper/geo_data/gsm_human_h3k27ac/GSM1446919/fastq/SRR1528617.fastq.gz,,1,H3K27ac,GSM1446918,1
GSM1446918,/storage/projects/aziz.khan/projects/dbsuper/geo_data/gsm_human_h3k27ac/GSM1446918/fastq/SRR1528616.fastq.gz,,1,,,
GSM1498904,/storage/projects/aziz.khan/projects/dbsuper/geo_data/gsm_human_h3k27ac/GSM1498904/fastq/SRR1566132.fastq.gz,,1,H3K27ac,GSM1498912,1
GSM1498912,/storage/projects/aziz.khan/projects/dbsuper/geo_data/gsm_human_h3k27ac/GSM1498912/fastq/SRR1566140.fastq.gz,,1,,,
GSM1498905,/storage/projects/aziz.khan/projects/dbsuper/geo_data/gsm_human_h3k27ac/GSM1498905/fastq/SRR1566133.fastq.gz,,1,H3K27ac,GSM1498913,1
GSM1498913,/storage/projects/aziz.khan/projects/dbsuper/geo_data/gsm_human_h3k27ac/GSM1498913/fastq/SRR1566141.fastq.gz,,1,,,
GSM1498906,/storage/projects/aziz.khan/projects/dbsuper/geo_data/gsm_human_h3k27ac/GSM1498906/fastq/SRR1566134.fastq.gz,,1,H3K27ac,GSM1498914,1
GSM1498914,/storage/projects/aziz.khan/projects/dbsuper/geo_data/gsm_human_h3k27ac/GSM1498914/fastq/SRR1566142.fastq.gz,,1,,,
GSM1498907,/storage/projects/aziz.khan/projects/dbsuper/geo_data/gsm_human_h3k27ac/GSM1498907/fastq/SRR1566135.fastq.gz,,1,H3K27ac,GSM1498915,1
GSM1498915,/storage/projects/aziz.khan/projects/dbsuper/geo_data/gsm_human_h3k27ac/GSM1498915/fastq/SRR1566143.fastq.gz,,1,,,
GSM1515414,/storage/projects/aziz.khan/projects/dbsuper/geo_data/gsm_human_h3k27ac/GSM1515414/fastq/SRR1588518.fastq.gz,,1,H3K27ac,GSM1515413,1
GSM1515414,/storage/projects/aziz.khan/projects/dbsuper/geo_data/gsm_human_h3k27ac/GSM1515414/fastq/SRR1588519.fastq.gz,,1,H3K27ac,GSM1515413,1
GSM1515413,/storage/projects/aziz.khan/projects/dbsuper/geo_data/gsm_human_h3k27ac/GSM1515413/fastq/SRR1588516.fastq.gz,,1,,,
GSM1515413,/storage/projects/aziz.khan/projects/dbsuper/geo_data/gsm_human_h3k27ac/GSM1515413/fastq/SRR1588517.fastq.gz,,1,,,
GSM1515744,/storage/projects/aziz.khan/projects/dbsuper/geo_data/gsm_human_h3k27ac/GSM1515744/fastq/SRR1592211.fastq.gz,,1,H3K27ac,GSM1515740,1
GSM1515740,/storage/projects/aziz.khan/projects/dbsuper/geo_data/gsm_human_h3k27ac/GSM1515740/fastq/SRR1592207.fastq.gz,,1,,,
GSM1526703,/storage/projects/aziz.khan/projects/dbsuper/geo_data/gsm_human_h3k27ac/GSM1526703/fastq/SRR1613963.fastq.gz,,1,H3K27ac,GSM1526705,1
GSM1526705,/storage/projects/aziz.khan/projects/dbsuper/geo_data/gsm_human_h3k27ac/GSM1526705/fastq/SRR1613965.fastq.gz,,1,,,
GSM1526704,/storage/projects/aziz.khan/projects/dbsuper/geo_data/gsm_human_h3k27ac/GSM1526704/fastq/SRR1613964.fastq.gz,,1,H3K27ac,GSM1526701,1
GSM1526701,/storage/projects/aziz.khan/projects/dbsuper/geo_data/gsm_human_h3k27ac/GSM1526701/fastq/SRR1613961.fastq.gz,,1,,,
GSM1526706,/storage/projects/aziz.khan/projects/dbsuper/geo_data/gsm_human_h3k27ac/GSM1526706/fastq/SRR1613966.fastq.gz,,1,H3K27ac,GSM1526702,1
GSM1526702,/storage/projects/aziz.khan/projects/dbsuper/geo_data/gsm_human_h3k27ac/GSM1526702/fastq/SRR1613962.fastq.gz,,1,,,
GSM1527927,/storage/projects/aziz.khan/projects/dbsuper/geo_data/gsm_human_h3k27ac/GSM1527927/fastq/SRR1616138.fastq.gz,,1,H3K27ac,GSM1527928,1
GSM1527928,/storage/projects/aziz.khan/projects/dbsuper/geo_data/gsm_human_h3k27ac/GSM1527928/fastq/SRR1616139.fastq.gz,,1,,,
GSM1527930,/storage/projects/aziz.khan/projects/dbsuper/geo_data/gsm_human_h3k27ac/GSM1527930/fastq/SRR1616141.fastq.gz,,1,H3K27ac,GSM1527931,1
GSM1527931,/storage/projects/aziz.khan/projects/dbsuper/geo_data/gsm_human_h3k27ac/GSM1527931/fastq/SRR1616142.fastq.gz,,1,,,
GSM1532401,/storage/projects/aziz.khan/projects/dbsuper/geo_data/gsm_human_h3k27ac/GSM1532401/fastq/SRR1631226.fastq.gz,,1,H3K27ac,GSM1532403,1
GSM1532403,/storage/projects/aziz.khan/projects/dbsuper/geo_data/gsm_human_h3k27ac/GSM1532403/fastq/SRR1631228.fastq.gz,,1,,,
GSM1532408,/storage/projects/aziz.khan/projects/dbsuper/geo_data/gsm_human_h3k27ac/GSM1532408/fastq/SRR1631233.fastq.gz,,1,H3K27ac,GSM1532410,1
GSM1532410,/storage/projects/aziz.khan/projects/dbsuper/geo_data/gsm_human_h3k27ac/GSM1532410/fastq/SRR1631235.fastq.gz,,1,,,
GSM1532415,/storage/projects/aziz.khan/projects/dbsuper/geo_data/gsm_human_h3k27ac/GSM1532415/fastq/SRR1631240.fastq.gz,,1,H3K27ac,GSM1532416,1
GSM1532416,/storage/projects/aziz.khan/projects/dbsuper/geo_data/gsm_human_h3k27ac/GSM1532416/fastq/SRR1631241.fastq.gz,,1,,,
GSM1532417,/storage/projects/aziz.khan/projects/dbsuper/geo_data/gsm_human_h3k27ac/GSM1532417/fastq/SRR1631242.fastq.gz,,1,H3K27ac,GSM1532418,1
GSM1532418,/storage/projects/aziz.khan/projects/dbsuper/geo_data/gsm_human_h3k27ac/GSM1532418/fastq/SRR1631243.fastq.gz,,1,,,
GSM1541449,/storage/projects/aziz.khan/projects/dbsuper/geo_data/gsm_human_h3k27ac/GSM1541449/fastq/SRR1645867_1.fastq.gz,/storage/projects/aziz.khan/projects/dbsuper/geo_data/gsm_human_h3k27ac/GSM1541449/fastq/SRR1645867_2.fastq.gz,1,H3K27ac,GSM1541454,1
GSM1541454,/storage/projects/aziz.khan/projects/dbsuper/geo_data/gsm_human_h3k27ac/GSM1541454/fastq/SRR1645872_1.fastq.gz,/storage/projects/aziz.khan/projects/dbsuper/geo_data/gsm_human_h3k27ac/GSM1541454/fastq/SRR1645872_2.fastq.gz,1,,,
GSM1541454,/storage/projects/aziz.khan/projects/dbsuper/geo_data/gsm_human_h3k27ac/GSM1541454/fastq/SRR1645873_1.fastq.gz,/storage/projects/aziz.khan/projects/dbsuper/geo_data/gsm_human_h3k27ac/GSM1541454/fastq/SRR1645873_2.fastq.gz,1,,,
GSM1548075,/storage/projects/aziz.khan/projects/dbsuper/geo_data/gsm_human_h3k27ac/GSM1548075/fastq/SRR1655065.fastq.gz,,1,H3K27ac,GSM1548073,1
GSM1548073,/storage/projects/aziz.khan/projects/dbsuper/geo_data/gsm_human_h3k27ac/GSM1548073/fastq/SRR1655063.fastq.gz,,1,,,
GSM1565787,/storage/projects/aziz.khan/projects/dbsuper/geo_data/gsm_human_h3k27ac/GSM1565787/fastq/SRR1725751.fastq.gz,,1,H3K27ac,GSM1565793,1
GSM1565787,/storage/projects/aziz.khan/projects/dbsuper/geo_data/gsm_human_h3k27ac/GSM1565787/fastq/SRR1725752.fastq.gz,,1,H3K27ac,GSM1565793,1
GSM1565793,/storage/projects/aziz.khan/projects/dbsuper/geo_data/gsm_human_h3k27ac/GSM1565793/fastq/SRR1725763.fastq.gz,,1,,,
GSM1565793,/storage/projects/aziz.khan/projects/dbsuper/geo_data/gsm_human_h3k27ac/GSM1565793/fastq/SRR1725764.fastq.gz,,1,,,
GSM1566557,/storage/projects/aziz.khan/projects/dbsuper/geo_data/gsm_human_h3k27ac/GSM1566557/fastq/SRR1715741.fastq.gz,,1,H3K27ac,GSM1566561,1
GSM1566561,/storage/projects/aziz.khan/projects/dbsuper/geo_data/gsm_human_h3k27ac/GSM1566561/fastq/SRR1715745.fastq.gz,,1,,,
GSM1566558,/storage/projects/aziz.khan/projects/dbsuper/geo_data/gsm_human_h3k27ac/GSM1566558/fastq/SRR1715742.fastq.gz,,1,H3K27ac,GSM1566562,1
GSM1566562,/storage/projects/aziz.khan/projects/dbsuper/geo_data/gsm_human_h3k27ac/GSM1566562/fastq/SRR1715746.fastq.gz,,1,,,
GSM1566559,/storage/projects/aziz.khan/projects/dbsuper/geo_data/gsm_human_h3k27ac/GSM1566559/fastq/SRR1715743.fastq.gz,,1,H3K27ac,GSM1566563,1
GSM1566563,/storage/projects/aziz.khan/projects/dbsuper/geo_data/gsm_human_h3k27ac/GSM1566563/fastq/SRR1715747.fastq.gz,,1,,,
GSM1566560,/storage/projects/aziz.khan/projects/dbsuper/geo_data/gsm_human_h3k27ac/GSM1566560/fastq/SRR1715744.fastq.gz,,1,H3K27ac,GSM1566564,1
GSM1566564,/storage/projects/aziz.khan/projects/dbsuper/geo_data/gsm_human_h3k27ac/GSM1566564/fastq/SRR1715748.fastq.gz,,1,,,
GSM1574235,/storage/projects/aziz.khan/projects/dbsuper/geo_data/gsm_human_h3k27ac/GSM1574235/fastq/SRR2919436.fastq.gz,,1,H3K27ac,GSM1574271,1
GSM1574271,/storage/projects/aziz.khan/projects/dbsuper/geo_data/gsm_human_h3k27ac/GSM1574271/fastq/SRR1736459.fastq.gz,,1,,,
GSM1574239,/storage/projects/aziz.khan/projects/dbsuper/geo_data/gsm_human_h3k27ac/GSM1574239/fastq/SRR2919439.fastq.gz,,1,H3K27ac,GSM1574272,1
GSM1574272,/storage/projects/aziz.khan/projects/dbsuper/geo_data/gsm_human_h3k27ac/GSM1574272/fastq/SRR1736460.fastq.gz,,1,,,
GSM1576985,/storage/projects/aziz.khan/projects/dbsuper/geo_data/gsm_human_h3k27ac/GSM1576985/fastq/SRR1743184.fastq.gz,,1,H3K27ac,GSM1576983,1
GSM1576983,/storage/projects/aziz.khan/projects/dbsuper/geo_data/gsm_human_h3k27ac/GSM1576983/fastq/SRR1743182.fastq.gz,,1,,,
GSM1576986,/storage/projects/aziz.khan/projects/dbsuper/geo_data/gsm_human_h3k27ac/GSM1576986/fastq/SRR1743185.fastq.gz,,1,H3K27ac,GSM1576983,1
GSM1576987,/storage/projects/aziz.khan/projects/dbsuper/geo_data/gsm_human_h3k27ac/GSM1576987/fastq/SRR1743186.fastq.gz,,1,H3K27ac,GSM1576983,1
GSM1576988,/storage/projects/aziz.khan/projects/dbsuper/geo_data/gsm_human_h3k27ac/GSM1576988/fastq/SRR1743187.fastq.gz,,1,H3K27ac,GSM1576984,1
GSM1576984,/storage/projects/aziz.khan/projects/dbsuper/geo_data/gsm_human_h3k27ac/GSM1576984/fastq/SRR1743183.fastq.gz,,1,,,
GSM1576989,/storage/projects/aziz.khan/projects/dbsuper/geo_data/gsm_human_h3k27ac/GSM1576989/fastq/SRR1743188.fastq.gz,,1,H3K27ac,GSM1576984,1
GSM1576990,/storage/projects/aziz.khan/projects/dbsuper/geo_data/gsm_human_h3k27ac/GSM1576990/fastq/SRR1743189.fastq.gz,,1,H3K27ac,GSM1576984,1
GSM1589470,/storage/projects/aziz.khan/projects/dbsuper/geo_data/gsm_human_h3k27ac/GSM1589470/fastq/SRR1769371.fastq.gz,,1,H3K27ac,GSM1589471,1
GSM1589471,/storage/projects/aziz.khan/projects/dbsuper/geo_data/gsm_human_h3k27ac/GSM1589471/fastq/SRR1769372.fastq.gz,,1,,,
GSM1589472,/storage/projects/aziz.khan/projects/dbsuper/geo_data/gsm_human_h3k27ac/GSM1589472/fastq/SRR1769373.fastq.gz,,1,H3K27ac,GSM1589477,1
GSM1589477,/storage/projects/aziz.khan/projects/dbsuper/geo_data/gsm_human_h3k27ac/GSM1589477/fastq/SRR1769378.fastq.gz,,1,,,
GSM1607404,/storage/projects/aziz.khan/projects/dbsuper/geo_data/gsm_human_h3k27ac/GSM1607404/fastq/SRR1799687.fastq.gz,,1,H3K27ac,GSM1607413,1
GSM1607413,/storage/projects/aziz.khan/projects/dbsuper/geo_data/gsm_human_h3k27ac/GSM1607413/fastq/SRR1799696.fastq.gz,,1,,,
GSM1607406,/storage/projects/aziz.khan/projects/dbsuper/geo_data/gsm_human_h3k27ac/GSM1607406/fastq/SRR1799689.fastq.gz,,1,H3K27ac,GSM1607415,1
GSM1607415,/storage/projects/aziz.khan/projects/dbsuper/geo_data/gsm_human_h3k27ac/GSM1607415/fastq/SRR1799698.fastq.gz,,1,,,
GSM1625977,/storage/projects/aziz.khan/projects/dbsuper/geo_data/gsm_human_h3k27ac/GSM1625977/fastq/SRR1842735.fastq.gz,,1,H3K27ac,GSM1625985,1
GSM1625977,/storage/projects/aziz.khan/projects/dbsuper/geo_data/gsm_human_h3k27ac/GSM1625977/fastq/SRR1842736.fastq.gz,,1,H3K27ac,GSM1625985,1
GSM1625977,/storage/projects/aziz.khan/projects/dbsuper/geo_data/gsm_human_h3k27ac/GSM1625977/fastq/SRR1842737.fastq.gz,,1,H3K27ac,GSM1625985,1
GSM1625985,/storage/projects/aziz.khan/projects/dbsuper/geo_data/gsm_human_h3k27ac/GSM1625985/fastq/SRR1842759.fastq.gz,,1,,,
GSM1625985,/storage/projects/aziz.khan/projects/dbsuper/geo_data/gsm_human_h3k27ac/GSM1625985/fastq/SRR1842760.fastq.gz,,1,,,
GSM1625985,/storage/projects/aziz.khan/projects/dbsuper/geo_data/gsm_human_h3k27ac/GSM1625985/fastq/SRR1842761.fastq.gz,,1,,,
GSM1625978,/storage/projects/aziz.khan/projects/dbsuper/geo_data/gsm_human_h3k27ac/GSM1625978/fastq/SRR1842738.fastq.gz,,1,H3K27ac,GSM1625986,1
GSM1625978,/storage/projects/aziz.khan/projects/dbsuper/geo_data/gsm_human_h3k27ac/GSM1625978/fastq/SRR1842739.fastq.gz,,1,H3K27ac,GSM1625986,1
GSM1625978,/storage/projects/aziz.khan/projects/dbsuper/geo_data/gsm_human_h3k27ac/GSM1625978/fastq/SRR1842740.fastq.gz,,1,H3K27ac,GSM1625986,1
GSM1625986,/storage/projects/aziz.khan/projects/dbsuper/geo_data/gsm_human_h3k27ac/GSM1625986/fastq/SRR1842762.fastq.gz,,1,,,
GSM1625986,/storage/projects/aziz.khan/projects/dbsuper/geo_data/gsm_human_h3k27ac/GSM1625986/fastq/SRR1842763.fastq.gz,,1,,,
GSM1625986,/storage/projects/aziz.khan/projects/dbsuper/geo_data/gsm_human_h3k27ac/GSM1625986/fastq/SRR1842764.fastq.gz,,1,,,
GSM1625979,/storage/projects/aziz.khan/projects/dbsuper/geo_data/gsm_human_h3k27ac/GSM1625979/fastq/SRR1842741.fastq.gz,,1,H3K27ac,GSM1625987,1
GSM1625979,/storage/projects/aziz.khan/projects/dbsuper/geo_data/gsm_human_h3k27ac/GSM1625979/fastq/SRR1842742.fastq.gz,,1,H3K27ac,GSM1625987,1
GSM1625979,/storage/projects/aziz.khan/projects/dbsuper/geo_data/gsm_human_h3k27ac/GSM1625979/fastq/SRR1842743.fastq.gz,,1,H3K27ac,GSM1625987,1
GSM1625987,/storage/projects/aziz.khan/projects/dbsuper/geo_data/gsm_human_h3k27ac/GSM1625987/fastq/SRR1842765.fastq.gz,,1,,,
GSM1625987,/storage/projects/aziz.khan/projects/dbsuper/geo_data/gsm_human_h3k27ac/GSM1625987/fastq/SRR1842766.fastq.gz,,1,,,
GSM1625987,/storage/projects/aziz.khan/projects/dbsuper/geo_data/gsm_human_h3k27ac/GSM1625987/fastq/SRR1842767.fastq.gz,,1,,,
GSM1625980,/storage/projects/aziz.khan/projects/dbsuper/geo_data/gsm_human_h3k27ac/GSM1625980/fastq/SRR1842744.fastq.gz,,1,H3K27ac,GSM1625988,1
GSM1625980,/storage/projects/aziz.khan/projects/dbsuper/geo_data/gsm_human_h3k27ac/GSM1625980/fastq/SRR1842745.fastq.gz,,1,H3K27ac,GSM1625988,1
GSM1625980,/storage/projects/aziz.khan/projects/dbsuper/geo_data/gsm_human_h3k27ac/GSM1625980/fastq/SRR1842746.fastq.gz,,1,H3K27ac,GSM1625988,1
GSM1625988,/storage/projects/aziz.khan/projects/dbsuper/geo_data/gsm_human_h3k27ac/GSM1625988/fastq/SRR1842768.fastq.gz,,1,,,
GSM1625988,/storage/projects/aziz.khan/projects/dbsuper/geo_data/gsm_human_h3k27ac/GSM1625988/fastq/SRR1842769.fastq.gz,,1,,,
GSM1625988,/storage/projects/aziz.khan/projects/dbsuper/geo_data/gsm_human_h3k27ac/GSM1625988/fastq/SRR1842770.fastq.gz,,1,,,
GSM1633870,/storage/projects/aziz.khan/projects/dbsuper/geo_data/gsm_human_h3k27ac/GSM1633870/fastq/SRR1915572.fastq.gz,,1,H3K27ac,GSM1633871,1
GSM1633871,/storage/projects/aziz.khan/projects/dbsuper/geo_data/gsm_human_h3k27ac/GSM1633871/fastq/SRR1915573.fastq.gz,,1,,,
GSM1645725,/storage/projects/aziz.khan/projects/dbsuper/geo_data/gsm_human_h3k27ac/GSM1645725/fastq/SRR1944644.fastq.gz,,1,H3K27ac,GSM1645710,1
GSM1645710,/storage/projects/aziz.khan/projects/dbsuper/geo_data/gsm_human_h3k27ac/GSM1645710/fastq/SRR1944629.fastq.gz,,1,,,
GSM2357597,/storage/projects/aziz.khan/projects/dbsuper/geo_data/gsm_human_h3k27ac/GSM2357597/fastq/SRR4437061.fastq.gz,,1,H3K27ac,GSM2357604,1
GSM2357604,/storage/projects/aziz.khan/projects/dbsuper/geo_data/gsm_human_h3k27ac/GSM2357604/fastq/SRR4437068.fastq.gz,,1,,,
GSM1273670,/storage/projects/aziz.khan/projects/dbsuper/geo_data/gsm_human_h3k27ac/GSM1273670/fastq/SRR1036389.fastq.gz,,1,H3K27ac,GSM1273667,1
GSM1273667,/storage/projects/aziz.khan/projects/dbsuper/geo_data/gsm_human_h3k27ac/GSM1273667/fastq/SRR1036386.fastq.gz,,1,,,
GSM1587893,/storage/projects/aziz.khan/projects/dbsuper/geo_data/gsm_human_h3k27ac/GSM1587893/fastq/SRR1768122.fastq.gz,,1,H3K27ac,GSM1587891,1
GSM1587893,/storage/projects/aziz.khan/projects/dbsuper/geo_data/gsm_human_h3k27ac/GSM1587893/fastq/SRR1768123.fastq.gz,,1,H3K27ac,GSM1587891,1
GSM1587893,/storage/projects/aziz.khan/projects/dbsuper/geo_data/gsm_human_h3k27ac/GSM1587893/fastq/SRR1768124.fastq.gz,,1,H3K27ac,GSM1587891,1
GSM1587893,/storage/projects/aziz.khan/projects/dbsuper/geo_data/gsm_human_h3k27ac/GSM1587893/fastq/SRR1768125.fastq.gz,,1,H3K27ac,GSM1587891,1
GSM1587891,/storage/projects/aziz.khan/projects/dbsuper/geo_data/gsm_human_h3k27ac/GSM1587891/fastq/SRR1768114.fastq.gz,,1,,,
GSM1587891,/storage/projects/aziz.khan/projects/dbsuper/geo_data/gsm_human_h3k27ac/GSM1587891/fastq/SRR1768115.fastq.gz,,1,,,
GSM1587891,/storage/projects/aziz.khan/projects/dbsuper/geo_data/gsm_human_h3k27ac/GSM1587891/fastq/SRR1768116.fastq.gz,,1,,,
GSM1587891,/storage/projects/aziz.khan/projects/dbsuper/geo_data/gsm_human_h3k27ac/GSM1587891/fastq/SRR1768117.fastq.gz,,1,,,
GSM1587909,/storage/projects/aziz.khan/projects/dbsuper/geo_data/gsm_human_h3k27ac/GSM1587909/fastq/SRR1768145_1.fastq.gz,,1,H3K27ac,GSM1587908,1
GSM1587908,/storage/projects/aziz.khan/projects/dbsuper/geo_data/gsm_human_h3k27ac/GSM1587908/fastq/SRR1768144_1.fastq.gz,,1,,,
GSM1587911,/storage/projects/aziz.khan/projects/dbsuper/geo_data/gsm_human_h3k27ac/GSM1587911/fastq/SRR1768147.fastq.gz,,1,H3K27ac,GSM1587910,1
GSM1587910,/storage/projects/aziz.khan/projects/dbsuper/geo_data/gsm_human_h3k27ac/GSM1587910/fastq/SRR1768146.fastq.gz,,1,,,
GSM1587913,/storage/projects/aziz.khan/projects/dbsuper/geo_data/gsm_human_h3k27ac/GSM1587913/fastq/SRR1768149_1.fastq.gz,,1,H3K27ac,GSM1587912,1
GSM1587912,/storage/projects/aziz.khan/projects/dbsuper/geo_data/gsm_human_h3k27ac/GSM1587912/fastq/SRR1768148_1.fastq.gz,,1,,,
GSM1587915,/storage/projects/aziz.khan/projects/dbsuper/geo_data/gsm_human_h3k27ac/GSM1587915/fastq/SRR1768151.fastq.gz,,1,H3K27ac,GSM1587914,1
GSM1587914,/storage/projects/aziz.khan/projects/dbsuper/geo_data/gsm_human_h3k27ac/GSM1587914/fastq/SRR1768150.fastq.gz,,1,,,
GSM1587921,/storage/projects/aziz.khan/projects/dbsuper/geo_data/gsm_human_h3k27ac/GSM1587921/fastq/SRR1768157.fastq.gz,,1,H3K27ac,GSM1587920,1
GSM1587920,/storage/projects/aziz.khan/projects/dbsuper/geo_data/gsm_human_h3k27ac/GSM1587920/fastq/SRR1768156.fastq.gz,,1,,,
GSM1587925,/storage/projects/aziz.khan/projects/dbsuper/geo_data/gsm_human_h3k27ac/GSM1587925/fastq/SRR1768165.fastq.gz,,1,H3K27ac,GSM1587924,1
GSM1587924,/storage/projects/aziz.khan/projects/dbsuper/geo_data/gsm_human_h3k27ac/GSM1587924/fastq/SRR1768164.fastq.gz,,1,,,
GSM1602665,/storage/projects/aziz.khan/projects/dbsuper/geo_data/gsm_human_h3k27ac/GSM1602665/fastq/SRR1790657.fastq.gz,,1,H3K27ac,GSM1602669,1
GSM1602669,/storage/projects/aziz.khan/projects/dbsuper/geo_data/gsm_human_h3k27ac/GSM1602669/fastq/SRR1790661.fastq.gz,,1,,,
GSM1523532,/storage/projects/aziz.khan/projects/dbsuper/geo_data/gsm_human_h3k27ac/GSM1523532/fastq/SRR1610147_1.fastq.gz,,1,H3K27ac,GSM1523533,1
GSM1523533,/storage/projects/aziz.khan/projects/dbsuper/geo_data/gsm_human_h3k27ac/GSM1523533/fastq/SRR1610148_1.fastq.gz,,1,,,
GSM1523535,/storage/projects/aziz.khan/projects/dbsuper/geo_data/gsm_human_h3k27ac/GSM1523535/fastq/SRR1610150_1.fastq.gz,,1,H3K27ac,GSM1523537,1
GSM1523537,/storage/projects/aziz.khan/projects/dbsuper/geo_data/gsm_human_h3k27ac/GSM1523537/fastq/SRR1610152_1.fastq.gz,,1,,,
GSM1523544,/storage/projects/aziz.khan/projects/dbsuper/geo_data/gsm_human_h3k27ac/GSM1523544/fastq/SRR1610159_1.fastq.gz,,1,H3K27ac,GSM1523546,1
GSM1523546,/storage/projects/aziz.khan/projects/dbsuper/geo_data/gsm_human_h3k27ac/GSM1523546/fastq/SRR1610161_1.fastq.gz,,1,,,
GSM1523578,/storage/projects/aziz.khan/projects/dbsuper/geo_data/gsm_human_h3k27ac/GSM1523578/fastq/SRR1610193_1.fastq.gz,,1,H3K27ac,GSM1523580,1
GSM1523580,/storage/projects/aziz.khan/projects/dbsuper/geo_data/gsm_human_h3k27ac/GSM1523580/fastq/SRR1610195_1.fastq.gz,,1,,,
GSM1523620,/storage/projects/aziz.khan/projects/dbsuper/geo_data/gsm_human_h3k27ac/GSM1523620/fastq/SRR1610235_1.fastq.gz,,1,H3K27ac,GSM1523621,1
GSM1523621,/storage/projects/aziz.khan/projects/dbsuper/geo_data/gsm_human_h3k27ac/GSM1523621/fastq/SRR1610236_1.fastq.gz,,1,,,
GSM1523622,/storage/projects/aziz.khan/projects/dbsuper/geo_data/gsm_human_h3k27ac/GSM1523622/fastq/SRR1610237_1.fastq.gz,,1,H3K27ac,GSM1523623,1
GSM1523623,/storage/projects/aziz.khan/projects/dbsuper/geo_data/gsm_human_h3k27ac/GSM1523623/fastq/SRR1610238_1.fastq.gz,,1,,,
GSM1523610,/storage/projects/aziz.khan/projects/dbsuper/geo_data/gsm_human_h3k27ac/GSM1523610/fastq/SRR1610225_1.fastq.gz,,1,H3K27ac,GSM1523612,1
GSM1523612,/storage/projects/aziz.khan/projects/dbsuper/geo_data/gsm_human_h3k27ac/GSM1523612/fastq/SRR1610227_1.fastq.gz,,1,,,
GSM1523618,/storage/projects/aziz.khan/projects/dbsuper/geo_data/gsm_human_h3k27ac/GSM1523618/fastq/SRR1610233_1.fastq.gz,,1,H3K27ac,GSM1523619,1
GSM1523619,/storage/projects/aziz.khan/projects/dbsuper/geo_data/gsm_human_h3k27ac/GSM1523619/fastq/SRR1610234_1.fastq.gz,,1,,,
GSM1589474,/storage/projects/aziz.khan/projects/dbsuper/geo_data/gsm_human_h3k27ac/GSM1589474/fastq/SRR1769375.fastq.gz,,1,H3K27ac,GSM1589473,1
GSM1589473,/storage/projects/aziz.khan/projects/dbsuper/geo_data/gsm_human_h3k27ac/GSM1589473/fastq/SRR1769374.fastq.gz,,1,,,
GSM1589476,/storage/projects/aziz.khan/projects/dbsuper/geo_data/gsm_human_h3k27ac/GSM1589476/fastq/SRR1769377.fastq.gz,,1,H3K27ac,GSM1589475,1
GSM1589475,/storage/projects/aziz.khan/projects/dbsuper/geo_data/gsm_human_h3k27ac/GSM1589475/fastq/SRR1769376.fastq.gz,,1,,,
GSM1647364,/storage/projects/aziz.khan/projects/dbsuper/geo_data/gsm_human_h3k27ac/GSM1647364/fastq/SRR1947834_1.fastq.gz,/storage/projects/aziz.khan/projects/dbsuper/geo_data/gsm_human_h3k27ac/GSM1647364/fastq/SRR1947834_2.fastq.gz,1,H3K27ac,GSM1647372,1
GSM1647372,/storage/projects/aziz.khan/projects/dbsuper/geo_data/gsm_human_h3k27ac/GSM1647372/fastq/SRR1947842_1.fastq.gz,/storage/projects/aziz.khan/projects/dbsuper/geo_data/gsm_human_h3k27ac/GSM1647372/fastq/SRR1947842_2.fastq.gz,1,,,
GSM1342618,/storage/projects/aziz.khan/projects/dbsuper/geo_data/gsm_human_h3k27ac/GSM1342618/fastq/SRR1187202.fastq.gz,,1,H3K27ac,GSM1342613,1
GSM1342613,/storage/projects/aziz.khan/projects/dbsuper/geo_data/gsm_human_h3k27ac/GSM1342613/fastq/SRR1187197.fastq.gz,,1,,,
GSM1342623,/storage/projects/aziz.khan/projects/dbsuper/geo_data/gsm_human_h3k27ac/GSM1342623/fastq/SRR1187207.fastq.gz,,1,H3K27ac,GSM1342613,1
